keyword/phrase,score,POS
GHG,0.00022816445559239586,PROPN
emission,0.0007514605031861605,NOUN
IPCC,0.0007942842415093374,PROPN
total,0.0010723193200632127,ADJ
WGIII,0.0010958753593743311,NOUN
carbon,0.0014431654834468337,NOUN
high,0.0028275109857813104,ADJ
growth,0.0028868189844145696,NOUN
